"filename", "language", "PHP", "JavaScript", "Markdown", "JSON", "XML", "PostCSS", "MySQL SQL", "comment", "blank", "total"
"d:\ITU\FinanSchool\FinanSchool\Backend\README.md", "Markdown", 0, 0, 40, 0, 0, 0, 0, 0, 22, 62
"d:\ITU\FinanSchool\FinanSchool\Backend\app\Console\Commands\CheckComptesNonAffectes.php", "PHP", 44, 0, 0, 0, 0, 0, 0, 0, 9, 53
"d:\ITU\FinanSchool\FinanSchool\Backend\app\Console\Commands\NotifClotureExerciceProche.php", "PHP", 64, 0, 0, 0, 0, 0, 0, 6, 13, 83
"d:\ITU\FinanSchool\FinanSchool\Backend\app\Console\Commands\NotifOuvertureClotureExercice.php", "PHP", 61, 0, 0, 0, 0, 0, 0, 2, 9, 72
"d:\ITU\FinanSchool\FinanSchool\Backend\app\Console\Commands\NotificationImport.php", "PHP", 47, 0, 0, 0, 0, 0, 0, 0, 9, 56
"d:\ITU\FinanSchool\FinanSchool\Backend\app\Console\Kernel.php", "PHP", 19, 0, 0, 0, 0, 0, 0, 2, 6, 27
"d:\ITU\FinanSchool\FinanSchool\Backend\app\Events\MouvementCreated.php", "PHP", 24, 0, 0, 0, 0, 0, 0, 7, 6, 37
"d:\ITU\FinanSchool\FinanSchool\Backend\app\Events\NotificationCreee.php", "PHP", 17, 0, 0, 0, 0, 0, 0, 0, 5, 22
"d:\ITU\FinanSchool\FinanSchool\Backend\app\Helpers\ErrorHelper.php", "PHP", 11, 0, 0, 0, 0, 0, 0, 2, 5, 18
"d:\ITU\FinanSchool\FinanSchool\Backend\app\Http\Controllers\Analyse\CoutEtProfitController.php", "PHP", 684, 0, 0, 0, 0, 0, 0, 62, 141, 887
"d:\ITU\FinanSchool\FinanSchool\Backend\app\Http\Controllers\Analyse\IndicateurLiquiditeController.php", "PHP", 164, 0, 0, 0, 0, 0, 0, 31, 28, 223
"d:\ITU\FinanSchool\FinanSchool\Backend\app\Http\Controllers\Analyse\IndicateurPedagogiqueController.php", "PHP", 273, 0, 0, 0, 0, 0, 0, 40, 46, 359
"d:\ITU\FinanSchool\FinanSchool\Backend\app\Http\Controllers\Analyse\IndicateurRentabiliteController.php", "PHP", 292, 0, 0, 0, 0, 0, 0, 57, 63, 412
"d:\ITU\FinanSchool\FinanSchool\Backend\app\Http\Controllers\Analyse\IndicateurSolvabiliteController.php", "PHP", 165, 0, 0, 0, 0, 0, 0, 35, 32, 232
"d:\ITU\FinanSchool\FinanSchool\Backend\app\Http\Controllers\Analyse\IndicateursGenerauxController.php", "PHP", 181, 0, 0, 0, 0, 0, 0, 29, 30, 240
"d:\ITU\FinanSchool\FinanSchool\Backend\app\Http\Controllers\Api\TestController.php", "PHP", 14, 0, 0, 0, 0, 0, 0, 0, 4, 18
"d:\ITU\FinanSchool\FinanSchool\Backend\app\Http\Controllers\Auth\AuthController.php", "PHP", 108, 0, 0, 0, 0, 0, 0, 23, 27, 158
"d:\ITU\FinanSchool\FinanSchool\Backend\app\Http\Controllers\Auth\ForgotPasswordController.php", "PHP", 25, 0, 0, 0, 0, 0, 0, 2, 8, 35
"d:\ITU\FinanSchool\FinanSchool\Backend\app\Http\Controllers\Auth\ResetPasswordController.php", "PHP", 29, 0, 0, 0, 0, 0, 0, 0, 8, 37
"d:\ITU\FinanSchool\FinanSchool\Backend\app\Http\Controllers\ChatBot\ChatController.php", "PHP", 123, 0, 0, 0, 0, 0, 0, 11, 25, 159
"d:\ITU\FinanSchool\FinanSchool\Backend\app\Http\Controllers\ChatBot\ChatEtatsFinanciersController.php", "PHP", 203, 0, 0, 0, 0, 0, 0, 33, 34, 270
"d:\ITU\FinanSchool\FinanSchool\Backend\app\Http\Controllers\ChatBot\ChatGrandLivresController.php", "PHP", 121, 0, 0, 0, 0, 0, 0, 28, 32, 181
"d:\ITU\FinanSchool\FinanSchool\Backend\app\Http\Controllers\ChatBot\ChatJournalController.php", "PHP", 43, 0, 0, 0, 0, 0, 0, 8, 8, 59
"d:\ITU\FinanSchool\FinanSchool\Backend\app\Http\Controllers\ChatBot\ChatSousCompteController.php", "PHP", 142, 0, 0, 0, 0, 0, 0, 22, 40, 204
"d:\ITU\FinanSchool\FinanSchool\Backend\app\Http\Controllers\ChatBot\ChatUtilesController.php", "PHP", 78, 0, 0, 0, 0, 0, 0, 5, 16, 99
"d:\ITU\FinanSchool\FinanSchool\Backend\app\Http\Controllers\ChatBot\ChatsController.php", "PHP", 161, 0, 0, 0, 0, 0, 0, 14, 31, 206
"d:\ITU\FinanSchool\FinanSchool\Backend\app\Http\Controllers\ChatBot\DepensesProfitsController.php", "PHP", 108, 0, 0, 0, 0, 0, 0, 5, 16, 129
"d:\ITU\FinanSchool\FinanSchool\Backend\app\Http\Controllers\Controller.php", "PHP", 5, 0, 0, 0, 0, 0, 0, 1, 3, 9
"d:\ITU\FinanSchool\FinanSchool\Backend\app\Http\Controllers\ParametresAnalytique\AffectationAnalytiqueController.php", "PHP", 437, 0, 0, 0, 0, 0, 0, 45, 88, 570
"d:\ITU\FinanSchool\FinanSchool\Backend\app\Http\Controllers\ParametresAnalytique\AxeAnalytiqueController.php", "PHP", 74, 0, 0, 0, 0, 0, 0, 3, 27, 104
"d:\ITU\FinanSchool\FinanSchool\Backend\app\Http\Controllers\ParametresAnalytique\CentreAnalytiqueController.php", "PHP", 92, 0, 0, 0, 0, 0, 0, 10, 26, 128
"d:\ITU\FinanSchool\FinanSchool\Backend\app\Http\Controllers\ParametresAnalytique\CodeAnalytiqueController.php", "PHP", 85, 0, 0, 0, 0, 0, 0, 8, 25, 118
"d:\ITU\FinanSchool\FinanSchool\Backend\app\Http\Controllers\ParametresAnalytique\IndicateurAnalytiqueController.php", "PHP", 94, 0, 0, 0, 0, 0, 0, 18, 21, 133
"d:\ITU\FinanSchool\FinanSchool\Backend\app\Http\Controllers\ParametresAnalytique\InterpretationIndicateurController.php", "PHP", 121, 0, 0, 0, 0, 0, 0, 23, 28, 172
"d:\ITU\FinanSchool\FinanSchool\Backend\app\Http\Controllers\ParametresAnalytique\NiveauAlerteController.php", "PHP", 87, 0, 0, 0, 0, 0, 0, 16, 20, 123
"d:\ITU\FinanSchool\FinanSchool\Backend\app\Http\Controllers\ParametresAnalytique\TypeCentreController.php", "PHP", 36, 0, 0, 0, 0, 0, 0, 0, 10, 46
"d:\ITU\FinanSchool\FinanSchool\Backend\app\Http\Controllers\PlanCompte\ClasseController.php", "PHP", 36, 0, 0, 0, 0, 0, 0, 0, 10, 46
"d:\ITU\FinanSchool\FinanSchool\Backend\app\Http\Controllers\PlanCompte\CompteController.php", "PHP", 63, 0, 0, 0, 0, 0, 0, 4, 21, 88
"d:\ITU\FinanSchool\FinanSchool\Backend\app\Http\Controllers\PlanCompte\DeviseController.php", "PHP", 56, 0, 0, 0, 0, 0, 0, 15, 18, 89
"d:\ITU\FinanSchool\FinanSchool\Backend\app\Http\Controllers\PlanCompte\RubriqueController.php", "PHP", 62, 0, 0, 0, 0, 0, 0, 3, 18, 83
"d:\ITU\FinanSchool\FinanSchool\Backend\app\Http\Controllers\PlanCompte\SousCompteController.php", "PHP", 62, 0, 0, 0, 0, 0, 0, 2, 18, 82
"d:\ITU\FinanSchool\FinanSchool\Backend\app\Http\Controllers\Saisie\AmortissementController.php", "PHP", 97, 0, 0, 0, 0, 0, 0, 7, 22, 126
"d:\ITU\FinanSchool\FinanSchool\Backend\app\Http\Controllers\Saisie\DeviseController.php", "PHP", 42, 0, 0, 0, 0, 0, 0, 0, 13, 55
"d:\ITU\FinanSchool\FinanSchool\Backend\app\Http\Controllers\Saisie\GrandLivreController.php", "PHP", 87, 0, 0, 0, 0, 0, 0, 18, 28, 133
"d:\ITU\FinanSchool\FinanSchool\Backend\app\Http\Controllers\Saisie\JournalController.php", "PHP", 66, 0, 0, 0, 0, 0, 0, 2, 18, 86
"d:\ITU\FinanSchool\FinanSchool\Backend\app\Http\Controllers\Saisie\LigneEcritureController.php", "PHP", 583, 0, 0, 0, 0, 0, 0, 31, 90, 704
"d:\ITU\FinanSchool\FinanSchool\Backend\app\Http\Controllers\Saisie\ModePaiementController.php", "PHP", 36, 0, 0, 0, 0, 0, 0, 0, 11, 47
"d:\ITU\FinanSchool\FinanSchool\Backend\app\Http\Controllers\Saisie\MouvementEcritureController.php", "PHP", 76, 0, 0, 0, 0, 0, 0, 5, 21, 102
"d:\ITU\FinanSchool\FinanSchool\Backend\app\Http\Controllers\Saisie\TypeJournalController.php", "PHP", 35, 0, 0, 0, 0, 0, 0, 0, 11, 46
"d:\ITU\FinanSchool\FinanSchool\Backend\app\Http\Controllers\calcul\ComptesCategorieController.php", "PHP", 445, 0, 0, 0, 0, 0, 0, 64, 62, 571
"d:\ITU\FinanSchool\FinanSchool\Backend\app\Http\Controllers\calcul\IntervalleComptesCategorieController.php", "PHP", 73, 0, 0, 0, 0, 0, 0, 21, 17, 111
"d:\ITU\FinanSchool\FinanSchool\Backend\app\Http\Controllers\calcul\UtilesController.php", "PHP", 97, 0, 0, 0, 0, 0, 0, 76, 29, 202
"d:\ITU\FinanSchool\FinanSchool\Backend\app\Http\Controllers\exercice\ExerciceComptableController.php", "PHP", 127, 0, 0, 0, 0, 0, 0, 39, 33, 199
"d:\ITU\FinanSchool\FinanSchool\Backend\app\Http\Controllers\general\BalanceController.php", "PHP", 43, 0, 0, 0, 0, 0, 0, 18, 18, 79
"d:\ITU\FinanSchool\FinanSchool\Backend\app\Http\Controllers\general\BilanActifController.php", "PHP", 201, 0, 0, 0, 0, 0, 0, 29, 70, 300
"d:\ITU\FinanSchool\FinanSchool\Backend\app\Http\Controllers\general\BilanPassifController.php", "PHP", 176, 0, 0, 0, 0, 0, 0, 35, 60, 271
"d:\ITU\FinanSchool\FinanSchool\Backend\app\Http\Controllers\general\CompteResultatFonctionController.php", "PHP", 74, 0, 0, 0, 0, 0, 0, 10, 23, 107
"d:\ITU\FinanSchool\FinanSchool\Backend\app\Http\Controllers\general\CompteResultatNatureController.php", "PHP", 157, 0, 0, 0, 0, 0, 0, 10, 13, 180
"d:\ITU\FinanSchool\FinanSchool\Backend\app\Http\Controllers\general\FluxTresorerieController.php", "PHP", 125, 0, 0, 0, 0, 0, 0, 33, 36, 194
"d:\ITU\FinanSchool\FinanSchool\Backend\app\Http\Controllers\general\VariationsCapitauxController.php", "PHP", 160, 0, 0, 0, 0, 0, 0, 23, 30, 213
"d:\ITU\FinanSchool\FinanSchool\Backend\app\Http\Controllers\import\ImportEcritureController.php", "PHP", 270, 0, 0, 0, 0, 0, 0, 11, 54, 335
"d:\ITU\FinanSchool\FinanSchool\Backend\app\Http\Controllers\notifications\EvenementController.php", "PHP", 29, 0, 0, 0, 0, 0, 0, 12, 10, 51
"d:\ITU\FinanSchool\FinanSchool\Backend\app\Http\Controllers\notifications\NotificationController.php", "PHP", 61, 0, 0, 0, 0, 0, 0, 25, 19, 105
"d:\ITU\FinanSchool\FinanSchool\Backend\app\Http\Controllers\notifications\NotificationsController.php", "PHP", 40, 0, 0, 0, 0, 0, 0, 2, 6, 48
"d:\ITU\FinanSchool\FinanSchool\Backend\app\Http\Controllers\tableau\DashboardController.php", "PHP", 157, 0, 0, 0, 0, 0, 0, 10, 31, 198
"d:\ITU\FinanSchool\FinanSchool\Backend\app\Http\Kernel.php", "PHP", 0, 0, 0, 0, 0, 0, 0, 0, 1, 1
"d:\ITU\FinanSchool\FinanSchool\Backend\app\Http\Requests\StoreEvenementRequest.php", "PHP", 17, 0, 0, 0, 0, 0, 0, 0, 4, 21
"d:\ITU\FinanSchool\FinanSchool\Backend\app\Http\Requests\StoreNotificationRequest.php", "PHP", 19, 0, 0, 0, 0, 0, 0, 0, 4, 23
"d:\ITU\FinanSchool\FinanSchool\Backend\app\Listeners\RafraichirVuesTemporelles.php", "PHP", 18, 0, 0, 0, 0, 0, 0, 5, 6, 29
"d:\ITU\FinanSchool\FinanSchool\Backend\app\Models\ChatBot\ChatMessage.php", "PHP", 17, 0, 0, 0, 0, 0, 0, 3, 5, 25
"d:\ITU\FinanSchool\FinanSchool\Backend\app\Models\EmailVerification.php", "PHP", 14, 0, 0, 0, 0, 0, 0, 0, 6, 20
"d:\ITU\FinanSchool\FinanSchool\Backend\app\Models\Error.php", "PHP", 8, 0, 0, 0, 0, 0, 0, 0, 4, 12
"d:\ITU\FinanSchool\FinanSchool\Backend\app\Models\ParametresAnalytique\AffectationAnalytique.php", "PHP", 38, 0, 0, 0, 0, 0, 0, 0, 10, 48
"d:\ITU\FinanSchool\FinanSchool\Backend\app\Models\ParametresAnalytique\AxeAnalytique.php", "PHP", 19, 0, 0, 0, 0, 0, 0, 0, 7, 26
"d:\ITU\FinanSchool\FinanSchool\Backend\app\Models\ParametresAnalytique\CentreAnalytique.php", "PHP", 24, 0, 0, 0, 0, 0, 0, 0, 8, 32
"d:\ITU\FinanSchool\FinanSchool\Backend\app\Models\ParametresAnalytique\CodeAnalytique.php", "PHP", 18, 0, 0, 0, 0, 0, 0, 0, 8, 26
"d:\ITU\FinanSchool\FinanSchool\Backend\app\Models\ParametresAnalytique\IndicateurAnalytique.php", "PHP", 22, 0, 0, 0, 0, 0, 0, 3, 10, 35
"d:\ITU\FinanSchool\FinanSchool\Backend\app\Models\ParametresAnalytique\InterpretationIndicateur.php", "PHP", 30, 0, 0, 0, 0, 0, 0, 0, 21, 51
"d:\ITU\FinanSchool\FinanSchool\Backend\app\Models\ParametresAnalytique\NiveauAlerte.php", "PHP", 21, 0, 0, 0, 0, 0, 0, 0, 17, 38
"d:\ITU\FinanSchool\FinanSchool\Backend\app\Models\ParametresAnalytique\TypeCentre.php", "PHP", 23, 0, 0, 0, 0, 0, 0, 0, 8, 31
"d:\ITU\FinanSchool\FinanSchool\Backend\app\Models\PlanCompte\Amortissement.php", "PHP", 23, 0, 0, 0, 0, 0, 0, 0, 5, 28
"d:\ITU\FinanSchool\FinanSchool\Backend\app\Models\PlanCompte\Classe.php", "PHP", 17, 0, 0, 0, 0, 0, 0, 6, 10, 33
"d:\ITU\FinanSchool\FinanSchool\Backend\app\Models\PlanCompte\Compte.php", "PHP", 23, 0, 0, 0, 0, 0, 0, 22, 9, 54
"d:\ITU\FinanSchool\FinanSchool\Backend\app\Models\PlanCompte\ExerciceComptable.php", "PHP", 28, 0, 0, 0, 0, 0, 0, 6, 8, 42
"d:\ITU\FinanSchool\FinanSchool\Backend\app\Models\PlanCompte\Rubrique.php", "PHP", 23, 0, 0, 0, 0, 0, 0, 1, 7, 31
"d:\ITU\FinanSchool\FinanSchool\Backend\app\Models\PlanCompte\SousCompte.php", "PHP", 27, 0, 0, 0, 0, 0, 0, 1, 8, 36
"d:\ITU\FinanSchool\FinanSchool\Backend\app\Models\PlanCompte\TauxAmortissement.php", "PHP", 9, 0, 0, 0, 0, 0, 0, 0, 3, 12
"d:\ITU\FinanSchool\FinanSchool\Backend\app\Models\Saisie\Devise.php", "PHP", 18, 0, 0, 0, 0, 0, 0, 0, 6, 24
"d:\ITU\FinanSchool\FinanSchool\Backend\app\Models\Saisie\GrandLivre.php", "PHP", 10, 0, 0, 0, 0, 0, 0, 1, 7, 18
"d:\ITU\FinanSchool\FinanSchool\Backend\app\Models\Saisie\Journal.php", "PHP", 32, 0, 0, 0, 0, 0, 0, 0, 9, 41
"d:\ITU\FinanSchool\FinanSchool\Backend\app\Models\Saisie\LigneEcriture.php", "PHP", 56, 0, 0, 0, 0, 0, 0, 0, 11, 67
"d:\ITU\FinanSchool\FinanSchool\Backend\app\Models\Saisie\ModePaiement.php", "PHP", 17, 0, 0, 0, 0, 0, 0, 0, 6, 23
"d:\ITU\FinanSchool\FinanSchool\Backend\app\Models\Saisie\MouvementEcriture.php", "PHP", 24, 0, 0, 0, 0, 0, 0, 0, 7, 31
"d:\ITU\FinanSchool\FinanSchool\Backend\app\Models\Saisie\TypeJournal.php", "PHP", 16, 0, 0, 0, 0, 0, 0, 0, 6, 22
"d:\ITU\FinanSchool\FinanSchool\Backend\app\Models\User.php", "PHP", 39, 0, 0, 0, 0, 0, 0, 20, 12, 71
"d:\ITU\FinanSchool\FinanSchool\Backend\app\Models\calcul\CategorieFonctionelles.php", "PHP", 42, 0, 0, 0, 0, 0, 0, 38, 13, 93
"d:\ITU\FinanSchool\FinanSchool\Backend\app\Models\calcul\CompteCategories.php", "PHP", 37, 0, 0, 0, 0, 0, 0, 32, 11, 80
"d:\ITU\FinanSchool\FinanSchool\Backend\app\Models\calcul\Duree.php", "PHP", 20, 0, 0, 0, 0, 0, 0, 26, 9, 55
"d:\ITU\FinanSchool\FinanSchool\Backend\app\Models\calcul\FonctionEconomiques.php", "PHP", 20, 0, 0, 0, 0, 0, 0, 26, 9, 55
"d:\ITU\FinanSchool\FinanSchool\Backend\app\Models\calcul\IntervalleComptesCategorie.php", "PHP", 23, 0, 0, 0, 0, 0, 0, 30, 10, 63
"d:\ITU\FinanSchool\FinanSchool\Backend\app\Models\calcul\NatureComptable.php", "PHP", 20, 0, 0, 0, 0, 0, 0, 26, 9, 55
"d:\ITU\FinanSchool\FinanSchool\Backend\app\Models\calcul\TypeCategories.php", "PHP", 20, 0, 0, 0, 0, 0, 0, 26, 9, 55
"d:\ITU\FinanSchool\FinanSchool\Backend\app\Models\exercice\ExerciceComptable.php", "PHP", 52, 0, 0, 0, 0, 0, 0, 22, 14, 88
"d:\ITU\FinanSchool\FinanSchool\Backend\app\Models\general\Balance.php", "PHP", 18, 0, 0, 0, 0, 0, 0, 0, 5, 23
"d:\ITU\FinanSchool\FinanSchool\Backend\app\Models\import\ImportHistory.php", "PHP", 19, 0, 0, 0, 0, 0, 0, 0, 4, 23
"d:\ITU\FinanSchool\FinanSchool\Backend\app\Models\notifications\Evenement.php", "PHP", 25, 0, 0, 0, 0, 0, 0, 0, 8, 33
"d:\ITU\FinanSchool\FinanSchool\Backend\app\Models\notifications\NiveauUrgence.php", "PHP", 20, 0, 0, 0, 0, 0, 0, 0, 6, 26
"d:\ITU\FinanSchool\FinanSchool\Backend\app\Models\notifications\Notification.php", "PHP", 44, 0, 0, 0, 0, 0, 0, 3, 11, 58
"d:\ITU\FinanSchool\FinanSchool\Backend\app\Models\notifications\TypeEvenement.php", "PHP", 22, 0, 0, 0, 0, 0, 0, 0, 7, 29
"d:\ITU\FinanSchool\FinanSchool\Backend\app\Notifications\EmailVerificationCode.php", "PHP", 23, 0, 0, 0, 0, 0, 0, 0, 7, 30
"d:\ITU\FinanSchool\FinanSchool\Backend\app\Notifications\ResetPasswordNotification.php", "PHP", 18, 0, 0, 0, 0, 0, 0, 4, 5, 27
"d:\ITU\FinanSchool\FinanSchool\Backend\app\Providers\AppServiceProvider.php", "PHP", 12, 0, 0, 0, 0, 0, 0, 8, 5, 25
"d:\ITU\FinanSchool\FinanSchool\Backend\app\Providers\EventServiceProvider.php", "PHP", 23, 0, 0, 0, 0, 0, 0, 3, 6, 32
"d:\ITU\FinanSchool\FinanSchool\Backend\bootstrap\app.php", "PHP", 15, 0, 0, 0, 0, 0, 0, 2, 3, 20
"d:\ITU\FinanSchool\FinanSchool\Backend\bootstrap\providers.php", "PHP", 4, 0, 0, 0, 0, 0, 0, 0, 2, 6
"d:\ITU\FinanSchool\FinanSchool\Backend\composer.json", "JSON", 0, 0, 0, 78, 0, 0, 0, 0, 1, 79
"d:\ITU\FinanSchool\FinanSchool\Backend\composer.lock", "JSON", 0, 0, 0, 9460, 0, 0, 0, 0, 1, 9461
"d:\ITU\FinanSchool\FinanSchool\Backend\config\app.php", "PHP", 22, 0, 0, 0, 0, 0, 0, 82, 23, 127
"d:\ITU\FinanSchool\FinanSchool\Backend\config\auth.php", "PHP", 28, 0, 0, 0, 0, 0, 0, 74, 14, 116
"d:\ITU\FinanSchool\FinanSchool\Backend\config\cache.php", "PHP", 57, 0, 0, 0, 0, 0, 0, 34, 18, 109
"d:\ITU\FinanSchool\FinanSchool\Backend\config\cors.php", "PHP", 11, 0, 0, 0, 0, 0, 0, 12, 12, 35
"d:\ITU\FinanSchool\FinanSchool\Backend\config\database.php", "PHP", 109, 0, 0, 0, 0, 0, 0, 43, 23, 175
"d:\ITU\FinanSchool\FinanSchool\Backend\config\filesystems.php", "PHP", 36, 0, 0, 0, 0, 0, 0, 32, 13, 81
"d:\ITU\FinanSchool\FinanSchool\Backend\config\logging.php", "PHP", 79, 0, 0, 0, 0, 0, 0, 33, 21, 133
"d:\ITU\FinanSchool\FinanSchool\Backend\config\mail.php", "PHP", 57, 0, 0, 0, 0, 0, 0, 43, 19, 119
"d:\ITU\FinanSchool\FinanSchool\Backend\config\queue.php", "PHP", 52, 0, 0, 0, 0, 0, 0, 44, 17, 113
"d:\ITU\FinanSchool\FinanSchool\Backend\config\reverb.php", "PHP", 52, 0, 0, 0, 0, 0, 0, 30, 14, 96
"d:\ITU\FinanSchool\FinanSchool\Backend\config\sanctum.php", "PHP", 17, 0, 0, 0, 0, 0, 0, 54, 14, 85
"d:\ITU\FinanSchool\FinanSchool\Backend\config\services.php", "PHP", 20, 0, 0, 0, 0, 0, 0, 11, 8, 39
"d:\ITU\FinanSchool\FinanSchool\Backend\config\session.php", "PHP", 23, 0, 0, 0, 0, 0, 0, 160, 35, 218
"d:\ITU\FinanSchool\FinanSchool\Backend\database\factories\UserFactory.php", "PHP", 25, 0, 0, 0, 0, 0, 0, 14, 6, 45
"d:\ITU\FinanSchool\FinanSchool\Backend\database\migrations\0001_01_01_000000_create_users_table.php", "PHP", 38, 0, 0, 0, 0, 0, 0, 6, 6, 50
"d:\ITU\FinanSchool\FinanSchool\Backend\database\migrations\0001_01_01_000001_create_cache_table.php", "PHP", 25, 0, 0, 0, 0, 0, 0, 6, 5, 36
"d:\ITU\FinanSchool\FinanSchool\Backend\database\migrations\0001_01_01_000002_create_jobs_table.php", "PHP", 46, 0, 0, 0, 0, 0, 0, 6, 6, 58
"d:\ITU\FinanSchool\FinanSchool\Backend\database\migrations\2025_09_08_075701_create_password_resets_table.php", "PHP", 19, 0, 0, 0, 0, 0, 0, 6, 5, 30
"d:\ITU\FinanSchool\FinanSchool\Backend\database\migrations\2025_09_08_115513_create_email_verifications_table.php", "PHP", 20, 0, 0, 0, 0, 0, 0, 6, 5, 31
"d:\ITU\FinanSchool\FinanSchool\Backend\database\migrations\2025_09_09_094927_create_personal_access_tokens_table.php", "PHP", 24, 0, 0, 0, 0, 0, 0, 6, 4, 34
"d:\ITU\FinanSchool\FinanSchool\Backend\database\migrations\2025_09_11_082029_create_errors_table.php", "PHP", 19, 0, 0, 0, 0, 0, 0, 0, 4, 23
"d:\ITU\FinanSchool\FinanSchool\Backend\database\migrations\2025_09_18_071646_create_classes_table.php", "PHP", 19, 0, 0, 0, 0, 0, 0, 7, 4, 30
"d:\ITU\FinanSchool\FinanSchool\Backend\database\migrations\2025_09_18_071805_create_rubriques_table.php", "PHP", 22, 0, 0, 0, 0, 0, 0, 7, 4, 33
"d:\ITU\FinanSchool\FinanSchool\Backend\database\migrations\2025_09_18_071835_create_comptes_table.php", "PHP", 22, 0, 0, 0, 0, 0, 0, 7, 5, 34
"d:\ITU\FinanSchool\FinanSchool\Backend\database\migrations\2025_09_18_071840_create_sous_comptes_table.php", "PHP", 22, 0, 0, 0, 0, 0, 0, 7, 5, 34
"d:\ITU\FinanSchool\FinanSchool\Backend\database\migrations\2025_09_23_084431_create_type_journals_table.php", "PHP", 17, 0, 0, 0, 0, 0, 0, 7, 4, 28
"d:\ITU\FinanSchool\FinanSchool\Backend\database\migrations\2025_09_23_084539_create_mode_paiements_table.php", "PHP", 18, 0, 0, 0, 0, 0, 0, 7, 4, 29
"d:\ITU\FinanSchool\FinanSchool\Backend\database\migrations\2025_09_23_084545_create_journals_table.php", "PHP", 20, 0, 0, 0, 0, 0, 0, 7, 4, 31
"d:\ITU\FinanSchool\FinanSchool\Backend\database\migrations\2025_09_23_084601_create_journals_table.php", "PHP", 18, 0, 0, 0, 0, 0, 0, 1, 4, 23
"d:\ITU\FinanSchool\FinanSchool\Backend\database\migrations\2025_09_23_084601_create_mouvement_ecritures_table.php", "PHP", 17, 0, 0, 0, 0, 0, 0, 1, 4, 22
"d:\ITU\FinanSchool\FinanSchool\Backend\database\migrations\2025_09_23_084602_create_ligne_ecritures_table.php", "PHP", 25, 0, 0, 0, 0, 0, 0, 7, 4, 36
"d:\ITU\FinanSchool\FinanSchool\Backend\database\migrations\2025_09_23_105218_create_devises_table.php", "PHP", 20, 0, 0, 0, 0, 0, 0, 0, 4, 24
"d:\ITU\FinanSchool\FinanSchool\Backend\database\migrations\2025_09_24_092427_create_typecentre_table.php", "PHP", 19, 0, 0, 0, 0, 0, 0, 6, 4, 29
"d:\ITU\FinanSchool\FinanSchool\Backend\database\migrations\2025_09_24_092619_create_axesanalytique_table.php", "PHP", 19, 0, 0, 0, 0, 0, 0, 6, 4, 29
"d:\ITU\FinanSchool\FinanSchool\Backend\database\migrations\2025_09_24_092855_create_centreanalytique_table.php", "PHP", 18, 0, 0, 0, 0, 0, 0, 3, 6, 27
"d:\ITU\FinanSchool\FinanSchool\Backend\database\migrations\2025_09_24_093302_create_affectationanalytique_table.php", "PHP", 20, 0, 0, 0, 0, 0, 0, 3, 7, 30
"d:\ITU\FinanSchool\FinanSchool\Backend\database\migrations\2025_09_30_135057_add_validation_fields_to_ligne_ecriture_table.php", "PHP", 32, 0, 0, 0, 0, 0, 0, 4, 7, 43
"d:\ITU\FinanSchool\FinanSchool\Backend\database\migrations\2025_10_07_052322_update_affectationanalytique_add_taux_and_drop_unique.php", "PHP", 20, 0, 0, 0, 0, 0, 0, 2, 5, 27
"d:\ITU\FinanSchool\FinanSchool\Backend\database\migrations\2025_10_11_145106_add_id_type_to_affectation_analytique.php", "PHP", 31, 0, 0, 0, 0, 0, 0, 12, 7, 50
"d:\ITU\FinanSchool\FinanSchool\Backend\database\migrations\2025_10_11_145148_remove_id_type_from_centre_analytique.php", "PHP", 21, 0, 0, 0, 0, 0, 0, 12, 6, 39
"d:\ITU\FinanSchool\FinanSchool\Backend\database\migrations\2025_10_13_182649_create_exercice_comptable_table.php", "PHP", 29, 0, 0, 0, 0, 0, 0, 10, 6, 45
"d:\ITU\FinanSchool\FinanSchool\Backend\database\migrations\2025_10_14_071048_create_durees_table.php", "PHP", 20, 0, 0, 0, 0, 0, 0, 6, 4, 30
"d:\ITU\FinanSchool\FinanSchool\Backend\database\migrations\2025_10_14_071048_create_nature_comptables_table.php", "PHP", 20, 0, 0, 0, 0, 0, 0, 6, 4, 30
"d:\ITU\FinanSchool\FinanSchool\Backend\database\migrations\2025_10_14_071048_create_type_categories_table.php", "PHP", 20, 0, 0, 0, 0, 0, 0, 6, 4, 30
"d:\ITU\FinanSchool\FinanSchool\Backend\database\migrations\2025_10_14_071049_create_fonction_economiques_table.php", "PHP", 20, 0, 0, 0, 0, 0, 0, 6, 4, 30
"d:\ITU\FinanSchool\FinanSchool\Backend\database\migrations\2025_10_14_071050_create_compte_categories_table.php", "PHP", 24, 0, 0, 0, 0, 0, 0, 6, 4, 34
"d:\ITU\FinanSchool\FinanSchool\Backend\database\migrations\2025_10_14_101149_create_categorie_fonctionelles_table.php", "PHP", 25, 0, 0, 0, 0, 0, 0, 6, 4, 35
"d:\ITU\FinanSchool\FinanSchool\Backend\database\migrations\2025_10_14_121233_create_intervalle_comptes_categorie_table.php", "PHP", 21, 0, 0, 0, 0, 0, 0, 6, 4, 31
"d:\ITU\FinanSchool\FinanSchool\Backend\database\migrations\2025_10_21_171026_create_import_histories_table.php", "PHP", 25, 0, 0, 0, 0, 0, 0, 6, 5, 36
"d:\ITU\FinanSchool\FinanSchool\Backend\database\migrations\2025_10_23_070932_create_indicateurs_analytique_table.php", "PHP", 19, 0, 0, 0, 0, 0, 0, 0, 4, 23
"d:\ITU\FinanSchool\FinanSchool\Backend\database\migrations\2025_10_23_071019_create_niveau_alerte_table.php", "PHP", 18, 0, 0, 0, 0, 0, 0, 0, 4, 22
"d:\ITU\FinanSchool\FinanSchool\Backend\database\migrations\2025_10_23_071026_create_interpretation_indicateur_table.php", "PHP", 24, 0, 0, 0, 0, 0, 0, 0, 6, 30
"d:\ITU\FinanSchool\FinanSchool\Backend\database\migrations\2025_10_28_173608_create_amortissements_table.php", "PHP", 24, 0, 0, 0, 0, 0, 0, 0, 4, 28
"d:\ITU\FinanSchool\FinanSchool\Backend\database\migrations\2025_10_28_183111_create_taux_amortissement_table.php", "PHP", 22, 0, 0, 0, 0, 0, 0, 0, 4, 26
"d:\ITU\FinanSchool\FinanSchool\Backend\database\migrations\2025_10_30_074406_create_chat_messages_table.php", "PHP", 24, 0, 0, 0, 0, 0, 0, 1, 3, 28
"d:\ITU\FinanSchool\FinanSchool\Backend\database\migrations\2025_11_01_164841_create_code_analytique_table.php", "PHP", 20, 0, 0, 0, 0, 0, 0, 6, 5, 31
"d:\ITU\FinanSchool\FinanSchool\Backend\database\migrations\2025_11_01_165105_add_id_code_to_affectationanalytique_table.php", "PHP", 22, 0, 0, 0, 0, 0, 0, 7, 5, 34
"d:\ITU\FinanSchool\FinanSchool\Backend\database\migrations\2025_11_02_104707_create_niveaux_urgence_table.php", "PHP", 22, 0, 0, 0, 0, 0, 0, 7, 4, 33
"d:\ITU\FinanSchool\FinanSchool\Backend\database\migrations\2025_11_02_104707_create_types_evenement_table.php", "PHP", 21, 0, 0, 0, 0, 0, 0, 7, 4, 32
"d:\ITU\FinanSchool\FinanSchool\Backend\database\migrations\2025_11_02_104708_create_evenements_table.php", "PHP", 19, 0, 0, 0, 0, 0, 0, 7, 4, 30
"d:\ITU\FinanSchool\FinanSchool\Backend\database\migrations\2025_11_02_104712_create_notifications_table.php", "PHP", 24, 0, 0, 0, 0, 0, 0, 6, 4, 34
"d:\ITU\FinanSchool\FinanSchool\Backend\database\seeders\ComptesMappingSeeder.php", "PHP", 52, 0, 0, 0, 0, 0, 0, 12, 14, 78
"d:\ITU\FinanSchool\FinanSchool\Backend\database\seeders\DatabaseSeeder.php", "PHP", 16, 0, 0, 0, 0, 0, 0, 10, 6, 32
"d:\ITU\FinanSchool\FinanSchool\Backend\database\seeders\DeviseSeeder.php", "PHP", 15, 0, 0, 0, 0, 0, 0, 0, 4, 19
"d:\ITU\FinanSchool\FinanSchool\Backend\database\seeders\DureeSeeder.php", "PHP", 18, 0, 0, 0, 0, 0, 0, 0, 4, 22
"d:\ITU\FinanSchool\FinanSchool\Backend\database\seeders\ErrorSeeder.php", "PHP", 28, 0, 0, 0, 0, 0, 0, 1, 5, 34
"d:\ITU\FinanSchool\FinanSchool\Backend\database\seeders\ExerciceComptableSeeder.php", "PHP", 35, 0, 0, 0, 0, 0, 0, 9, 9, 53
"d:\ITU\FinanSchool\FinanSchool\Backend\database\seeders\FonctionEconomiquesSeeder.php", "PHP", 20, 0, 0, 0, 0, 0, 0, 0, 5, 25
"d:\ITU\FinanSchool\FinanSchool\Backend\database\seeders\IndicateursAnalytiqueSeeder.php", "PHP", 119, 0, 0, 0, 0, 0, 0, 7, 7, 133
"d:\ITU\FinanSchool\FinanSchool\Backend\database\seeders\InterpretationIndicateurSeeder.php", "PHP", 412, 0, 0, 0, 0, 0, 0, 27, 25, 464
"d:\ITU\FinanSchool\FinanSchool\Backend\database\seeders\IntervalleCompteCategoriesSeeder.php", "PHP", 72, 0, 0, 0, 0, 0, 0, 7, 11, 90
"d:\ITU\FinanSchool\FinanSchool\Backend\database\seeders\NatureComptableSeeder.php", "PHP", 20, 0, 0, 0, 0, 0, 0, 0, 4, 24
"d:\ITU\FinanSchool\FinanSchool\Backend\database\seeders\NiveauAlerteSeeder.php", "PHP", 15, 0, 0, 0, 0, 0, 0, 0, 4, 19
"d:\ITU\FinanSchool\FinanSchool\Backend\database\seeders\NiveauxUrgenceSeeder.php", "PHP", 34, 0, 0, 0, 0, 0, 0, 3, 4, 41
"d:\ITU\FinanSchool\FinanSchool\Backend\database\seeders\TauxAmortissementSeeder.php", "PHP", 28, 0, 0, 0, 0, 0, 0, 3, 6, 37
"d:\ITU\FinanSchool\FinanSchool\Backend\database\seeders\TypeCategoriesSeeder.php", "PHP", 17, 0, 0, 0, 0, 0, 0, 0, 5, 22
"d:\ITU\FinanSchool\FinanSchool\Backend\database\seeders\TypesEvenementSeeder.php", "PHP", 45, 0, 0, 0, 0, 0, 0, 3, 5, 53
"d:\ITU\FinanSchool\FinanSchool\Backend\export_base.sql", "MySQL SQL", 0, 0, 0, 0, 0, 0, 5716, 1238, 1335, 8289
"d:\ITU\FinanSchool\FinanSchool\Backend\package.json", "JSON", 0, 0, 0, 17, 0, 0, 0, 0, 1, 18
"d:\ITU\FinanSchool\FinanSchool\Backend\phpunit.xml", "XML", 0, 0, 0, 0, 34, 0, 0, 0, 1, 35
"d:\ITU\FinanSchool\FinanSchool\Backend\public\index.php", "PHP", 10, 0, 0, 0, 0, 0, 0, 4, 7, 21
"d:\ITU\FinanSchool\FinanSchool\Backend\resources\css\app.css", "PostCSS", 0, 0, 0, 0, 0, 9, 0, 0, 3, 12
"d:\ITU\FinanSchool\FinanSchool\Backend\resources\js\app.js", "JavaScript", 0, 1, 0, 0, 0, 0, 0, 0, 1, 2
"d:\ITU\FinanSchool\FinanSchool\Backend\resources\js\bootstrap.js", "JavaScript", 0, 3, 0, 0, 0, 0, 0, 0, 2, 5
"d:\ITU\FinanSchool\FinanSchool\Backend\resources\views\welcome.blade.php", "PHP", 270, 0, 0, 0, 0, 0, 0, 0, 8, 278
"d:\ITU\FinanSchool\FinanSchool\Backend\routes\api.php", "PHP", 143, 0, 0, 0, 0, 0, 0, 25, 62, 230
"d:\ITU\FinanSchool\FinanSchool\Backend\routes\apiAnalyse.php", "PHP", 81, 0, 0, 0, 0, 0, 0, 18, 15, 114
"d:\ITU\FinanSchool\FinanSchool\Backend\routes\console.php", "PHP", 8, 0, 0, 0, 0, 0, 0, 0, 6, 14
"d:\ITU\FinanSchool\FinanSchool\Backend\routes\notifications.php", "PHP", 19, 0, 0, 0, 0, 0, 0, 2, 6, 27
"d:\ITU\FinanSchool\FinanSchool\Backend\routes\notificationsAnalyse.php", "PHP", 3, 0, 0, 0, 0, 0, 0, 0, 3, 6
"d:\ITU\FinanSchool\FinanSchool\Backend\routes\web.php", "PHP", 7, 0, 0, 0, 0, 0, 0, 0, 5, 12
"d:\ITU\FinanSchool\FinanSchool\Backend\tests\Feature\CheckComptesNonAffectesTest.php", "PHP", 122, 0, 0, 0, 0, 0, 0, 6, 25, 153
"d:\ITU\FinanSchool\FinanSchool\Backend\tests\Feature\ExampleTest.php", "PHP", 11, 0, 0, 0, 0, 0, 0, 4, 5, 20
"d:\ITU\FinanSchool\FinanSchool\Backend\tests\TestCase.php", "PHP", 6, 0, 0, 0, 0, 0, 0, 1, 4, 11
"d:\ITU\FinanSchool\FinanSchool\Backend\tests\Unit\ChatMessageTest.php", "PHP", 74, 0, 0, 0, 0, 0, 0, 5, 19, 98
"d:\ITU\FinanSchool\FinanSchool\Backend\tests\Unit\ExampleTest.php", "PHP", 10, 0, 0, 0, 0, 0, 0, 3, 4, 17
"d:\ITU\FinanSchool\FinanSchool\Backend\vite.config.js", "JavaScript", 0, 12, 0, 0, 0, 0, 0, 0, 2, 14
"Total", "-", 12247, 16, 40, 9555, 34, 9, 5716, 3662, 4205, 35484